/*

Skills used: table creation and data insertion, filtering, joining, grouping and aggregation, sorting, limiting, using aliases.

*/

CREATE TABLE cars (
car_id INT PRIMARY KEY,
make VARCHAR(50),
type VARCHAR(50),
style VARCHAR(50),
cost_$ INT
);

INSERT INTO cars (car_id, make, type, style, cost_$)
VALUES (1, 'Honda', 'Civic', 'Sedan', 30000),
(2, 'Toyota', 'Corolla', 'Hatchback', 25000),
(3, 'Ford', 'Explorer', 'SUV', 40000),
(4, 'Chevrolet', 'Camaro', 'Coupe', 36000),
(5, 'BMW', 'X5', 'SUV', 55000),
(6, 'Audi', 'A4', 'Sedan', 48000),
(7, 'Mercedes', 'C-Class', 'Coupe', 60000),
(8, 'Nissan', 'Altima', 'Sedan', 26000);

CREATE TABLE salespersons (
salesman_id INT PRIMARY KEY,
name VARCHAR(50),
age INT,
city VARCHAR(50)
);

INSERT INTO salespersons (salesman_id, name, age, city)
VALUES (1, 'John Smith', 28, 'New York'),
(2, 'Emily Wong', 35, 'San Fran'),
(3, 'Tom Lee', 42, 'Seattle'),
(4, 'Lucy Chen', 31, 'LA');

CREATE TABLE sales (
sale_id INT PRIMARY KEY,
car_id INT,
salesman_id INT,
purchase_date DATE,
FOREIGN KEY (car_id) REFERENCES cars(car_id),
FOREIGN KEY (salesman_id) REFERENCES salespersons(salesman_id)
);

INSERT INTO sales (sale_id, car_id, salesman_id, purchase_date)
VALUES (1, 1, 1, '2021-01-01'),
(2, 3, 3, '2021-02-03'),
(3, 2, 2, '2021-02-10'),
(4, 5, 4, '2021-03-01'),
(5, 8, 1, '2021-04-02'),
(6, 2, 1, '2021-05-05'),
(7, 4, 2, '2021-06-07'),
(8, 5, 3, '2021-07-09'),
(9, 2, 4, '2022-01-01'),
(10, 1, 3, '2022-02-03'),
(11, 8, 2, '2022-02-10'),
(12, 7, 2, '2022-03-01'),
(13, 5, 3, '2022-04-02'),
(14, 3, 1, '2022-05-05'),
(15, 5, 4, '2022-06-07'),
(16, 1, 2, '2022-07-09'),
(17, 2, 3, '2023-01-01'),
(18, 6, 3, '2023-02-03'),
(19, 7, 1, '2023-02-10'),
(20, 4, 4, '2023-03-01');

--What are the details of all cars purchased in the year 2022?

Select b.*
FROM sales a
JOIN cars b ON a.car_id = b.car_id
WHERE a.purchase_date >= '2022-01-01' AND a.purchase_date < '2023-01-01';


--What is the total number of cars sold by each salesperson?
select b.name as salesman, COUNT(a.car_id) as sales
FROM sales a 
JOIN salespersons b On a.salesman_id = b.salesman_id
group by b.salesman_id;


--What is the total revenue generated by each salesperson?
select c.name, sum(b.cost_$) as revenue
FROM sales a 
JOIN cars b On a.car_id = b.car_id
join salespersons c on c.salesman_id = a.salesman_id
group by c.name;


--What are the details of the cars sold by each salesperson?

SELECT a.name as salesperson, c.*
from salespersons a 
join sales b on a.salesman_id = b.salesman_id
join cars c on b.car_id = c.car_id;


--What is the total revenue generated by each car type?
select a.type as car_type, sum(a.cost_$) as revenue
FROM cars a 
INNER join sales b on a.car_id = b.car_id
group by a.type;


--What are the details of the cars sold in the year 2021 by salesperson 'Emily Wong'?

select c.name as salesperson, a.*, b.purchase_date as date
from cars a 
inner join sales b on a.car_id = b.car_id
inner JOIN salespersons c on c.salesman_id = b.salesman_id
where c.name = 'Emily Wong' AND b.purchase_date >= '2021-01-01' AND b.purchase_date < '2022-01-01';


--What is the total revenue generated by the sales of hatchback cars?

select a.style, SUM(a.cost_$) as revenue 
from cars a 
join sales b on a.car_id = b.car_id
where a.style = 'Hatchback'
GROUP by a.style;


--What is the total revenue generated by the sales of SUV cars in the year 2022?

select a.style, SUM(a.cost_$) as revenue, b.purchase_date
from cars a 
join sales b on a.car_id = b.car_id
where a.style = 'SUV' AND b.purchase_date >= '2022-01-01' AND b.purchase_date < '2023-01-01'
GROUP BY a.style;


--What is the name and city of the salesperson who sold the most number of cars in the year 2023?

SELECT a.name, a.city, COUNT(car_id) as sold_cars, b.purchase_date
from salespersons a 
join sales b on a.salesman_id = b.salesman_id 
WHERE b.purchase_date >= '2023-01-01' AND b.purchase_date < '2024-01-01'
GROUP by a.name and a.city
ORDER BY sold_cars DESC
LIMIT 1;


--What is the name and age of the salesperson who generated the highest revenue in the year 2022?

SELECT a.name, a.age, SUM(c.cost_$) as revenue, b.purchase_date
from salespersons a 
join sales b on a.salesman_id = b.salesman_id 
join cars c on c.car_id = b.car_id
WHERE b.purchase_date >= '2022-01-01' AND b.purchase_date < '2023-01-01'
GROUP by a.name
ORDER BY revenue DESC
LIMIT 1;
